[
  {
    "id": "course-001",
    "title": "GDP核算体系精讲",
    "slug": "gdp-accounting-system",
    "tagline": "掌握国民经济核算核心方法",
    "difficulty": 3,
    "duration": 45,
    "category": "核心指标",
    "tags": ["GDP", "国民经济", "核算", "统计"],
    "outline": [
      {
        "chapter": "GDP基本概念",
        "lessons": ["GDP定义与内涵", "三种核算方法", "名义与实际GDP"]
      },
      {
        "chapter": "支出法详解",
        "lessons": ["消费支出", "投资支出", "政府购买", "净出口"]
      },
      {
        "chapter": "收入法应用",
        "lessons": ["劳动者报酬", "生产税净额", "固定资产折旧", "营业盈余"]
      }
    ],
    "description": "GDP是宏观经济学最重要的指标，本课程系统讲解GDP的三种核算方法，帮助学员深入理解国民经济核算体系。",
    "instructor": "李教授",
    "publishedAt": "2024-01-15",
    "updatedAt": "2024-01-15"
  },
  {
    "id": "course-002",
    "title": "CPI与通胀分析",
    "slug": "cpi-inflation-analysis",
    "tagline": "理解物价水平变化机制",
    "difficulty": 2,
    "duration": 35,
    "category": "核心指标",
    "tags": ["CPI", "通胀", "物价指数", "货币政策"],
    "outline": [
      {
        "chapter": "CPI基础",
        "lessons": ["CPI定义与计算", "基期选择", "权重设置"]
      },
      {
        "chapter": "通胀类型",
        "lessons": ["需求拉动型", "成本推动型", "结构性通胀"]
      },
      {
        "chapter": "通胀影响",
        "lessons": ["对收入分配", "对经济增长", "对货币政策"]
      }
    ],
    "description": "消费者价格指数是衡量通胀的核心指标，课程详细讲解CPI编制方法及其经济含义。",
    "instructor": "王博士",
    "publishedAt": "2024-01-20",
    "updatedAt": "2024-01-20"
  },
  {
    "id": "course-003",
    "title": "货币政策工具箱",
    "slug": "monetary-policy-tools",
    "tagline": "央行如何调控经济",
    "difficulty": 4,
    "duration": 60,
    "category": "政策分析",
    "tags": ["货币政策", "央行", "利率", "准备金"],
    "outline": [
      {
        "chapter": "政策目标",
        "lessons": ["价格稳定", "充分就业", "经济增长", "国际收支平衡"]
      },
      {
        "chapter": "一般性工具",
        "lessons": ["法定准备金率", "再贴现率", "公开市场操作"]
      },
      {
        "chapter": "选择性工具",
        "lessons": ["消费者信用控制", "证券市场信用控制", "不动产信用控制"]
      }
    ],
    "description": "全面解析中央银行货币政策工具，理解央行如何通过政策工具调控宏观经济。",
    "instructor": "张研究员",
    "publishedAt": "2024-02-01",
    "updatedAt": "2024-02-01"
  },
  {
    "id": "course-004",
    "title": "财政政策深度解析",
    "slug": "fiscal-policy-analysis",
    "tagline": "政府收支的经济效应",
    "difficulty": 4,
    "duration": 55,
    "category": "政策分析",
    "tags": ["财政政策", "政府支出", "税收", "预算"],
    "outline": [
      {
        "chapter": "政策类型",
        "lessons": ["扩张性政策", "紧缩性政策", "结构性政策"]
      },
      {
        "chapter": "自动稳定器",
        "lessons": ["累进所得税", "失业保险", "农产品价格支持"]
      },
      {
        "chapter": "政策传导",
        "lessons": ["乘数效应", "挤出效应", "时滞效应"]
      }
    ],
    "description": "深入分析财政政策的理论基础和实践应用，掌握政府宏观调控的核心机制。",
    "instructor": "陈教授",
    "publishedAt": "2024-02-10",
    "updatedAt": "2024-02-10"
  },
  {
    "id": "course-005",
    "title": "汇率决定理论",
    "slug": "exchange-rate-theory",
    "tagline": "国际货币体系运行机制",
    "difficulty": 5,
    "duration": 70,
    "category": "国际金融",
    "tags": ["汇率", "国际收支", "外汇市场", "货币体系"],
    "outline": [
      {
        "chapter": "汇率制度",
        "lessons": ["固定汇率制", "浮动汇率制", "管理浮动制"]
      },
      {
        "chapter": "决定理论",
        "lessons": ["购买力平价", "利率平价", "国际收支说"]
      },
      {
        "chapter": "汇率政策",
        "lessons": ["汇率干预", "汇率目标区", "货币危机防范"]
      }
    ],
    "description": "系统讲解汇率决定的主要理论，分析国际货币体系的运行机制和汇率政策选择。",
    "instructor": "刘博士",
    "publishedAt": "2024-02-15",
    "updatedAt": "2024-02-15"
  },
  {
    "id": "course-006",
    "title": "IS-LM模型实战",
    "slug": "is-lm-model-practice",
    "tagline": "商品与货币市场的均衡",
    "difficulty": 4,
    "duration": 50,
    "category": "经济模型",
    "tags": ["IS-LM", "均衡分析", "利率", "收入"],
    "outline": [
      {
        "chapter": "IS曲线",
        "lessons": ["投资储蓄均衡", "IS曲线推导", "IS曲线移动"]
      },
      {
        "chapter": "LM曲线",
        "lessons": ["货币需求供给", "LM曲线推导", "LM曲线移动"]
      },
      {
        "chapter": "政策分析",
        "lessons": ["财政政策效应", "货币政策效应", "混合政策"]
      }
    ],
    "description": "通过IS-LM模型深入理解商品市场和货币市场的同时均衡，掌握政策效应分析工具。",
    "instructor": "赵教授",
    "publishedAt": "2024-02-20",
    "updatedAt": "2024-02-20"
  },
  {
    "id": "course-007",
    "title": "失业理论全解",
    "slug": "unemployment-theory",
    "tagline": "就业市场的结构性分析",
    "difficulty": 3,
    "duration": 40,
    "category": "劳动力市场",
    "tags": ["失业", "就业", "劳动力", "市场失灵"],
    "outline": [
      {
        "chapter": "失业类型",
        "lessons": ["摩擦性失业", "结构性失业", "周期性失业"]
      },
      {
        "chapter": "自然失业率",
        "lessons": ["定义与测量", "影响因素", "政策含义"]
      },
      {
        "chapter": "治理政策",
        "lessons": ["就业培训", "职业介绍", "失业保险"]
      }
    ],
    "description": "全面解析失业的理论基础，理解不同类型失业的成因和治理对策。",
    "instructor": "孙研究员",
    "publishedAt": "2024-02-25",
    "updatedAt": "2024-02-25"
  },
  {
    "id": "course-008",
    "title": "通货膨胀治理",
    "slug": "inflation-governance",
    "tagline": "物价稳定的政策工具",
    "difficulty": 4,
    "duration": 45,
    "category": "政策分析",
    "tags": ["通胀", "治理", "紧缩政策", "供给侧改革"],
    "outline": [
      {
        "chapter": "通胀成因",
        "lessons": ["货币因素", "需求因素", "成本因素", "预期因素"]
      },
      {
        "chapter": "治理工具",
        "lessons": ["紧缩性货币政策", "紧缩性财政政策", "收入政策"]
      },
      {
        "chapter": "国际经验",
        "lessons": ["德国经验", "美国经验", "日本经验"]
      }
    ],
    "description": "分析通货膨胀的治理策略，结合国际经验探讨有效的物价稳定政策。",
    "instructor": "周博士",
    "publishedAt": "2024-03-01",
    "updatedAt": "2024-03-01"
  },
  {
    "id": "course-009",
    "title": "经济周期理论",
    "slug": "business-cycle-theory",
    "tagline": "经济波动的内在规律",
    "difficulty": 5,
    "duration": 65,
    "category": "经济理论",
    "tags": ["经济周期", "波动", "增长", "危机"],
    "outline": [
      {
        "chapter": "周期类型",
        "lessons": ["基钦周期", "朱格拉周期", "库兹涅茨周期", "康德拉季耶夫周期"]
      },
      {
        "chapter": "理论解释",
        "lessons": ["货币理论", "投资理论", "创新理论", "心理理论"]
      },
      {
        "chapter": "预测方法",
        "lessons": ["先行指标", "同步指标", "滞后指标"]
      }
    ],
    "description": "系统介绍经济周期理论，理解经济波动的内在规律和预测方法。",
    "instructor": "吴教授",
    "publishedAt": "2024-03-05",
    "updatedAt": "2024-03-05"
  },
  {
    "id": "course-010",
    "title": "国际贸易理论",
    "slug": "international-trade-theory",
    "tagline": "全球化时代的贸易逻辑",
    "difficulty": 4,
    "duration": 55,
    "category": "国际贸易",
    "tags": ["贸易", "比较优势", "全球化", "关税"],
    "outline": [
      {
        "chapter": "经典理论",
        "lessons": ["绝对优势", "比较优势", "要素禀赋理论"]
      },
      {
        "chapter": "新贸易理论",
        "lessons": ["规模经济", "产品差异", "垄断竞争"]
      },
      {
        "chapter": "贸易政策",
        "lessons": ["关税效应", "非关税壁垒", "贸易协定"]
      }
    ],
    "description": "从经典理论到现代贸易理论，全面理解国际贸易的运行机制和政策影响。",
    "instructor": "郑博士",
    "publishedAt": "2024-03-10",
    "updatedAt": "2024-03-10"
  },
  {
    "id": "course-011",
    "title": "金融市场与机构",
    "slug": "financial-markets-institutions",
    "tagline": "现代金融体系解析",
    "difficulty": 3,
    "duration": 50,
    "category": "金融市场",
    "tags": ["金融市场", "金融机构", "监管", "风险"],
    "outline": [
      {
        "chapter": "市场类型",
        "lessons": ["货币市场", "资本市场", "外汇市场", "衍生品市场"]
      },
      {
        "chapter": "金融机构",
        "lessons": ["商业银行", "投资银行", "保险公司", "基金公司"]
      },
      {
        "chapter": "金融监管",
        "lessons": ["监管目标", "监管框架", "风险防控"]
      }
    ],
    "description": "全面介绍金融市场的结构和金融机构的功能，理解现代金融体系的运行机制。",
    "instructor": "马教授",
    "publishedAt": "2024-03-15",
    "updatedAt": "2024-03-15"
  },
  {
    "id": "course-012",
    "title": "经济增长理论",
    "slug": "economic-growth-theory",
    "tagline": "长期增长的驱动力",
    "difficulty": 5,
    "duration": 75,
    "category": "经济理论",
    "tags": ["增长", "技术进步", "资本积累", "人力资本"],
    "outline": [
      {
        "chapter": "哈罗德-多马模型",
        "lessons": ["模型假设", "稳定增长", "刃锋问题"]
      },
      {
        "chapter": "索洛模型",
        "lessons": ["生产函数", "稳态分析", "黄金律"]
      },
      {
        "chapter": "内生增长",
        "lessons": ["AK模型", "人力资本", "技术进步"]
      }
    ],
    "description": "从古典增长理论到现代内生增长理论，系统分析经济增长的驱动力和机制。",
    "instructor": "田教授",
    "publishedAt": "2024-03-20",
    "updatedAt": "2024-03-20"
  },
  {
    "id": "course-013",
    "title": "产业组织理论",
    "slug": "industrial-organization",
    "tagline": "市场结构与竞争策略",
    "difficulty": 4,
    "duration": 60,
    "category": "微观基础",
    "tags": ["产业组织", "市场结构", "垄断", "竞争"],
    "outline": [
      {
        "chapter": "市场结构",
        "lessons": ["完全竞争", "垄断竞争", "寡头垄断", "完全垄断"]
      },
      {
        "chapter": "企业行为",
        "lessons": ["定价策略", "产品差异", "广告策略"]
      },
      {
        "chapter": "政府规制",
        "lessons": ["反垄断法", "价格规制", "进入规制"]
      }
    ],
    "description": "分析不同市场结构下的企业行为和竞争策略，理解产业组织的经济理论。",
    "instructor": "林博士",
    "publishedAt": "2024-03-25",
    "updatedAt": "2024-03-25"
  },
  {
    "id": "course-014",
    "title": "区域经济学",
    "slug": "regional-economics",
    "tagline": "空间维度下的经济发展",
    "difficulty": 3,
    "duration": 45,
    "category": "应用经济",
    "tags": ["区域经济", "城市化", "产业转移", "协调发展"],
    "outline": [
      {
        "chapter": "区位理论",
        "lessons": ["农业区位", "工业区位", "中心地理论"]
      },
      {
        "chapter": "区域发展",
        "lessons": ["增长极理论", "梯度转移", "产业集群"]
      },
      {
        "chapter": "政策工具",
        "lessons": ["区域规划", "财政转移", "投资倾斜"]
      }
    ],
    "description": "从空间角度分析经济发展规律，理解区域经济差异和协调发展政策。",
    "instructor": "黄研究员",
    "publishedAt": "2024-03-30",
    "updatedAt": "2024-03-30"
  },
  {
    "id": "course-015",
    "title": "环境经济学",
    "slug": "environmental-economics",
    "tagline": "可持续发展的经济分析",
    "difficulty": 4,
    "duration": 55,
    "category": "应用经济",
    "tags": ["环境", "可持续发展", "外部性", "碳交易"],
    "outline": [
      {
        "chapter": "外部性理论",
        "lessons": ["负外部性", "正外部性", "庇古税"]
      },
      {
        "chapter": "资源定价",
        "lessons": ["可再生资源", "不可再生资源", "期权价值"]
      },
      {
        "chapter": "环境政策",
        "lessons": ["排污收费", "许可证交易", "标准规制"]
      }
    ],
    "description": "运用经济学理论分析环境问题，探讨实现可持续发展的政策工具。",
    "instructor": "何教授",
    "publishedAt": "2024-04-01",
    "updatedAt": "2024-04-01"
  },
  {
    "id": "course-016",
    "title": "行为经济学入门",
    "slug": "behavioral-economics-intro",
    "tagline": "心理视角下的经济决策",
    "difficulty": 3,
    "duration": 40,
    "category": "前沿理论",
    "tags": ["行为经济", "心理学", "决策", "偏见"],
    "outline": [
      {
        "chapter": "有限理性",
        "lessons": ["满意化", "启发式", "框架效应"]
      },
      {
        "chapter": "认知偏差",
        "lessons": ["过度自信", "损失厌恶", "锚定效应"]
      },
      {
        "chapter": "政策应用",
        "lessons": ["助推理论", "选择架构", "政策设计"]
      }
    ],
    "description": "结合心理学和经济学，分析现实中的经济决策行为及其政策含义。",
    "instructor": "袁博士",
    "publishedAt": "2024-04-05",
    "updatedAt": "2024-04-05"
  },
  {
    "id": "course-017",
    "title": "数字经济学",
    "slug": "digital-economics",
    "tagline": "平台时代的经济新形态",
    "difficulty": 4,
    "duration": 60,
    "category": "前沿理论",
    "tags": ["数字经济", "平台经济", "网络效应", "数据要素"],
    "outline": [
      {
        "chapter": "平台经济",
        "lessons": ["双边市场", "网络效应", "平台竞争"]
      },
      {
        "chapter": "数据要素",
        "lessons": ["数据价值", "数据定价", "隐私保护"]
      },
      {
        "chapter": "数字治理",
        "lessons": ["算法监管", "平台责任", "创新激励"]
      }
    ],
    "description": "分析数字经济时代的经济特征，理解平台经济和数据要素的运行机制。",
    "instructor": "徐教授",
    "publishedAt": "2024-04-10",
    "updatedAt": "2024-04-10"
  },
  {
    "id": "course-018",
    "title": "中国经济改革史",
    "slug": "china-economic-reform",
    "tagline": "改革开放四十年的历程",
    "difficulty": 3,
    "duration": 70,
    "category": "国别经济",
    "tags": ["中国", "改革开放", "市场化", "转型"],
    "outline": [
      {
        "chapter": "农村改革",
        "lessons": ["家庭联产承包", "乡镇企业", "农民工流动"]
      },
      {
        "chapter": "城市改革",
        "lessons": ["国企改革", "价格双轨", "特区建设"]
      },
      {
        "chapter": "开放进程",
        "lessons": ["外贸改革", "外资引入", "入世谈判"]
      }
    ],
    "description": "回顾中国经济改革的历程，理解市场化转型的路径和成就。",
    "instructor": "钱教授",
    "publishedAt": "2024-04-15",
    "updatedAt": "2024-04-15"
  },
  {
    "id": "course-019",
    "title": "金融危机与防范",
    "slug": "financial-crisis-prevention",
    "tagline": "系统性风险的识别与应对",
    "difficulty": 5,
    "duration": 80,
    "category": "金融稳定",
    "tags": ["金融危机", "系统性风险", "监管", "防范"],
    "outline": [
      {
        "chapter": "危机理论",
        "lessons": ["明斯基时刻", "银行挤兑", "货币危机"]
      },
      {
        "chapter": "历史案例",
        "lessons": ["大萧条", "亚洲危机", "次贷危机"]
      },
      {
        "chapter": "防范体系",
        "lessons": ["宏观审慎", "微观审慎", "危机应对"]
      }
    ],
    "description": "分析金融危机的成因和传导机制，探讨系统性风险防范的政策框架。",
    "instructor": "冯教授",
    "publishedAt": "2024-04-20",
    "updatedAt": "2024-04-20"
  },
  {
    "id": "course-020",
    "title": "新发展格局",
    "slug": "new-development-pattern",
    "tagline": "双循环战略的经济逻辑",
    "difficulty": 4,
    "duration": 50,
    "category": "中国政策",
    "tags": ["双循环", "内需", "创新", "开放"],
    "outline": [
      {
        "chapter": "战略背景",
        "lessons": ["国际环境", "国内条件", "历史机遇"]
      },
      {
        "chapter": "国内大循环",
        "lessons": ["扩大内需", "供给侧改革", "科技创新"]
      },
      {
        "chapter": "国际循环",
        "lessons": ["高水平开放", "一带一路", "自贸区建设"]
      }
    ],
    "description": "深入解读中国新发展格局的战略内涵，理解双循环发展的经济逻辑。",
    "instructor": "韩研究员",
    "publishedAt": "2024-04-25",
    "updatedAt": "2024-04-25"
  }
]