[
  {
    "type": "course",
    "id": "course-001",
    "addedAt": "2024-03-15T10:30:00Z",
    "reviewCount": 3,
    "nextReview": "2024-04-20T10:30:00Z",
    "mastery": 0.75,
    "lastReviewed": "2024-03-30T14:20:00Z"
  },
  {
    "type": "kp",
    "id": "kp-001",
    "addedAt": "2024-03-10T09:15:00Z",
    "reviewCount": 5,
    "nextReview": "2024-04-10T09:15:00Z",
    "mastery": 0.9,
    "lastReviewed": "2024-03-25T16:45:00Z"
  },
  {
    "type": "policy",
    "id": "policy-001",
    "addedAt": "2024-03-20T11:00:00Z",
    "reviewCount": 2,
    "nextReview": "2024-04-25T11:00:00Z",
    "mastery": 0.6,
    "lastReviewed": "2024-03-28T13:30:00Z"
  },
  {
    "type": "course",
    "id": "course-003",
    "addedAt": "2024-03-25T15:20:00Z",
    "reviewCount": 1,
    "nextReview": "2024-04-15T15:20:00Z",
    "mastery": 0.4,
    "lastReviewed": "2024-03-25T15:20:00Z"
  },
  {
    "type": "kp",
    "id": "kp-005",
    "addedAt": "2024-03-18T14:10:00Z",
    "reviewCount": 4,
    "nextReview": "2024-04-18T14:10:00Z",
    "mastery": 0.8,
    "lastReviewed": "2024-04-02T10:15:00Z"
  },
  {
    "type": "policy",
    "id": "policy-002",
    "addedAt": "2024-03-12T16:30:00Z",
    "reviewCount": 1,
    "nextReview": "2024-04-12T16:30:00Z",
    "mastery": 0.3,
    "lastReviewed": "2024-03-12T16:30:00Z"
  }
]