[
  {
    "id": "kp-001",
    "title": "GDP",
    "keyword": ["国内生产总值", "经济总量", "国民收入"],
    "summary": "GDP是衡量一个国家经济总量的核心指标，反映特定时期内生产的最终商品和服务的市场价值。",
    "bodyMDX": "**GDP定义**：国内生产总值（Gross Domestic Product）是指一个国家或地区在一定时期内（通常是一年）所生产的全部最终商品和服务的市场价值总和。\n\n**三大特征**：\n1. 地域概念：按国土原则计算\n2. 流量指标：反映一定时期内的生产活动\n3. 最终产品：不包括中间产品价值\n\n**核算方法**：\n- 生产法：各部门增加值总和\n- 收入法：各种收入总和\n- 支出法：C+I+G+(X-M)",
    "formula": "GDP = C + I + G + (X - M)",
    "chartType": "line",
    "relatedCourses": ["course-001"],
    "relatedPolicies": ["policy-001", "policy-005"],
    "category": "核心指标",
    "difficulty": 2,
    "tags": ["GDP", "国民账户", "经济统计"],
    "createdAt": "2024-01-01",
    "updatedAt": "2024-01-01"
  },
  {
    "id": "kp-002",
    "title": "CPI",
    "keyword": ["消费者价格指数", "物价指数", "通胀指标"],
    "summary": "CPI反映居民消费价格水平变动，是测量通货膨胀的重要指标，影响货币政策制定。",
    "bodyMDX": "**CPI定义**：消费者价格指数（Consumer Price Index）是反映一定时期内城乡居民所购买的生活消费品和服务项目价格变动趋势和程度的相对数。\n\n**编制要点**：\n1. 固定篮子：选择代表性商品和服务\n2. 权重设置：根据消费支出比例\n3. 基期选择：通常每5年调整一次\n\n**计算公式**：\nCPI = (当期篮子成本 ÷ 基期篮子成本) × 100\n\n**应用场景**：\n- 通胀测量\n- 工资调整\n- 社会保障",
    "formula": "CPI = (Σ(Pi×Qi) ÷ Σ(P0×Qi)) × 100",
    "chartType": "bar",
    "relatedCourses": ["course-002"],
    "relatedPolicies": ["policy-002", "policy-006"],
    "category": "核心指标",
    "difficulty": 3,
    "tags": ["CPI", "物价", "通胀", "指数"],
    "createdAt": "2024-01-05",
    "updatedAt": "2024-01-05"
  },
  {
    "id": "kp-003",
    "title": "货币政策",
    "keyword": ["央行政策", "货币调控", "利率政策"],
    "summary": "货币政策是央行通过调节货币供应量和利率水平来实现宏观经济目标的政策工具。",
    "bodyMDX": "**政策目标**：\n- 价格稳定（首要目标）\n- 充分就业\n- 经济增长\n- 国际收支平衡\n\n**政策工具**：\n1. **一般性工具**：法定准备金率、再贴现率、公开市场操作\n2. **选择性工具**：消费者信用控制、证券市场信用控制\n3. **直接信用控制**：利率上限、信用配额\n\n**传导机制**：\n货币供给 → 利率 → 投资 → 产出 → 就业",
    "formula": "Ms/P = L(i, Y)",
    "chartType": "scatter",
    "relatedCourses": ["course-003"],
    "relatedPolicies": ["policy-003", "policy-007"],
    "category": "政策分析",
    "difficulty": 4,
    "tags": ["货币政策", "央行", "宏观调控"],
    "createdAt": "2024-01-10",
    "updatedAt": "2024-01-10"
  },
  {
    "id": "kp-004",
    "title": "财政政策",
    "keyword": ["政府收支", "税收政策", "公共支出"],
    "summary": "财政政策通过政府支出和税收调节总需求，实现经济增长和稳定目标。",
    "bodyMDX": "**政策类型**：\n- 扩张性财政政策：增加支出，减少税收\n- 紧缩性财政政策：减少支出，增加税收\n- 结构性财政政策：优化支出结构\n\n**传导机制**：\n1. 直接影响：政府购买直接增加总需求\n2. 间接影响：税收变化影响消费和投资\n3. 乘数效应：初始支出产生连锁反应\n\n**政策工具**：\n- 政府购买支出\n- 转移支付\n- 税收政策",
    "formula": "乘数 = 1 ÷ (1 - MPC)",
    "chartType": "line",
    "relatedCourses": ["course-004"],
    "relatedPolicies": ["policy-004", "policy-008"],
    "category": "政策分析",
    "difficulty": 3,
    "tags": ["财政政策", "政府", "宏观调控"],
    "createdAt": "2024-01-15",
    "updatedAt": "2024-01-15"
  },
  {
    "id": "kp-005",
    "title": "通货膨胀",
    "keyword": ["物价上涨", "货币贬值", "购买力下降"],
    "summary": "通货膨胀是物价水平持续上涨现象，影响收入分配和经济运行效率。",
    "bodyMDX": "**通胀类型**：\n1. **需求拉动型**：总需求超过总供给\n2. **成本推动型**：生产成本上升推动\n3. **结构性通胀**：经济结构失衡导致\n4. **输入型通胀**：进口价格上涨传导\n\n**测量指标**：\n- CPI（消费者价格指数）\n- PPI（生产者价格指数）\n- GDP平减指数\n\n**经济影响**：\n- 债务人受益，债权人受损\n- 固定收入者购买力下降\n- 投资不确定性增加",
    "formula": "通胀率 = (P1 - P0) ÷ P0 × 100%",
    "chartType": "line",
    "relatedCourses": ["course-002", "course-008"],
    "relatedPolicies": ["policy-002", "policy-006"],
    "category": "核心概念",
    "difficulty": 2,
    "tags": ["通胀", "物价", "货币现象"],
    "createdAt": "2024-01-20",
    "updatedAt": "2024-01-20"
  },
  {
    "id": "kp-006",
    "title": "失业率",
    "keyword": ["失业指标", "就业状况", "劳动力市场"],
    "summary": "失业率反映劳动力资源利用程度，是衡量经济健康状况的重要指标。",
    "bodyMDX": "**失业类型**：\n- 摩擦性失业：正常流动过程中的失业\n- 结构性失业：产业结构变化导致\n- 周期性失业：经济周期波动引起\n- 季节性失业：季节性因素造成\n\n**计算公式**：\n失业率 = 失业人数 ÷ 劳动力总数 × 100%\n\n**自然失业率**：\n经济社会在正常情况下的失业率，包括摩擦性和结构性失业\n\n**奥肯定律**：\n失业率与GDP增长率存在反向关系",
    "formula": "失业率 = U ÷ (E + U) × 100%",
    "chartType": "line",
    "relatedCourses": ["course-007"],
    "relatedPolicies": ["policy-009"],
    "category": "核心指标",
    "difficulty": 3,
    "tags": ["失业", "就业", "劳动力"],
    "createdAt": "2024-01-25",
    "updatedAt": "2024-01-25"
  },
  {
    "id": "kp-007",
    "title": "汇率",
    "keyword": ["外汇价格", "货币比率", "国际收支"],
    "summary": "汇率是两国货币的比价，影响国际贸易和资本流动，是国际经济的核心变量。",
    "bodyMDX": "**标价方法**：\n- 直接标价法：1单位外币 = ?本币\n- 间接标价法：1单位本币 = ?外币\n\n**汇率制度**：\n1. 固定汇率制\n2. 浮动汇率制\n3. 管理浮动制\n\n**决定理论**：\n- 购买力平价理论\n- 利率平价理论\n- 国际收支说\n- 资产市场说\n\n**影响因素**：\n国际收支、通货膨胀率、利率、经济增长、预期",
    "formula": "实际汇率 = 名义汇率 × (国外物价 ÷ 国内物价)",
    "chartType": "line",
    "relatedCourses": ["course-005"],
    "relatedPolicies": ["policy-010"],
    "category": "国际金融",
    "difficulty": 4,
    "tags": ["汇率", "外汇", "国际收支"],
    "createdAt": "2024-02-01",
    "updatedAt": "2024-02-01"
  },
  {
    "id": "kp-008",
    "title": "利率",
    "keyword": ["资金价格", "利息率", "货币政策"],
    "summary": "利率是资金的价格，连接储蓄与投资，是货币政策传导的核心变量。",
    "bodyMDX": "**利率类型**：\n- 名义利率与实际利率\n- 固定利率与浮动利率\n- 短期利率与长期利率\n- 市场利率与官方利率\n\n**决定理论**：\n1. 古典理论：储蓄投资均衡\n2. 流动性偏好理论\n3. 可贷资金理论\n4. IS-LM模型中的利率\n\n**利率结构**：\n- 风险结构：违约风险、流动性、税收\n- 期限结构：预期理论、市场分割理论\n\n**政策作用**：\n影响投资、消费、汇率、资产价格",
    "formula": "实际利率 ≈ 名义利率 - 通胀率",
    "chartType": "line",
    "relatedCourses": ["course-003", "course-006"],
    "relatedPolicies": ["policy-003", "policy-007"],
    "category": "金融市场",
    "difficulty": 3,
    "tags": ["利率", "资金价格", "货币政策"],
    "createdAt": "2024-02-05",
    "updatedAt": "2024-02-05"
  },
  {
    "id": "kp-009",
    "title": "IS-LM模型",
    "keyword": ["商品市场", "货币市场", "同时均衡"],
    "summary": "IS-LM模型分析商品市场和货币市场的同时均衡，是宏观经济学的重要分析工具。",
    "bodyMDX": "**模型构成**：\n- IS曲线：投资=储蓄，商品市场均衡\n- LM曲线：货币需求=货币供给，货币市场均衡\n- 交点：两个市场同时均衡\n\n**IS曲线**：\nY = C(Y-T) + I(i) + G\n斜率为负：利率下降，投资增加，收入增加\n\n**LM曲线**：\nM/P = L(i, Y)\n斜率为正：收入增加，货币需求增加，利率上升\n\n**政策分析**：\n- 财政政策：移动IS曲线\n- 货币政策：移动LM曲线\n- 混合政策：两条曲线都移动",
    "formula": "IS: I(r) = S(Y)  LM: M/P = L(r, Y)",
    "chartType": "scatter",
    "relatedCourses": ["course-006"],
    "relatedPolicies": ["policy-003", "policy-004"],
    "category": "经济模型",
    "difficulty": 5,
    "tags": ["IS-LM", "均衡分析", "宏观模型"],
    "createdAt": "2024-02-10",
    "updatedAt": "2024-02-10"
  },
  {
    "id": "kp-010",
    "title": "经济周期",
    "keyword": ["经济波动", "商业周期", "繁荣衰退"],
    "summary": "经济周期是经济活动中周期性出现的扩张和收缩现象，反映经济运行的波动特征。",
    "bodyMDX": "**周期阶段**：\n1. 繁荣期：经济活动高涨\n2. 衰退期：经济活动下降\n3. 萧条期：经济活动低迷\n4. 复苏期：经济开始回升\n\n**周期类型**：\n- 基钦周期（3-4年）：库存周期\n- 朱格拉周期（9-10年）：投资周期\n- 库兹涅茨周期（20年）：建筑周期\n- 康德拉季耶夫周期（50年）：长波周期\n\n**理论解释**：\n- 货币理论\n- 投资理论\n- 创新理论\n- 心理理论",
    "formula": "周期长度 = 峰顶间隔时间",
    "chartType": "line",
    "relatedCourses": ["course-009"],
    "relatedPolicies": ["policy-001", "policy-005"],
    "category": "经济理论",
    "difficulty": 4,
    "tags": ["周期", "波动", "经济运行"],
    "createdAt": "2024-02-15",
    "updatedAt": "2024-02-15"
  },
  {
    "id": "kp-011",
    "title": "国际收支",
    "keyword": ["对外交易", "经常项目", "资本项目"],
    "summary": "国际收支记录一国对外经济交易，反映国际经济关系和汇率压力。",
    "bodyMDX": "**账户结构**：\n- 经常账户：贸易、服务、收益、转移\n- 资本和金融账户：直接投资、证券投资、其他投资\n- 储备资产：外汇储备、黄金、特别提款权\n\n**平衡关系**：\n经常账户 + 资本账户 + 储备变动 = 0\n\n**失衡原因**：\n- 储蓄投资失衡\n- 汇率失调\n- 结构性因素\n- 政策扭曲\n\n**调节机制**：\n自动调节：汇率、价格、收入变动\n政策调节：支出变更、支出转换政策",
    "formula": "CA + KA + ΔR = 0",
    "chartType": "bar",
    "relatedCourses": ["course-005", "course-010"],
    "relatedPolicies": ["policy-010", "policy-015"],
    "category": "国际金融",
    "difficulty": 4,
    "tags": ["国际收支", "外贸", "资本流动"],
    "createdAt": "2024-02-20",
    "updatedAt": "2024-02-20"
  },
  {
    "id": "kp-012",
    "title": "乘数效应",
    "keyword": ["乘数", "连锁反应", "凯恩斯"],
    "summary": "乘数效应指初始支出变化引起总收入更大变化的连锁反应，是财政政策分析的重要工具。",
    "bodyMDX": "**乘数原理**：\n初始支出增加 → 收入增加 → 消费增加 → 收入再增加 → ...\n\n**投资乘数**：\nKi = 1 ÷ (1 - MPC) = 1 ÷ MPS\n\n**政府支出乘数**：\nKg = 1 ÷ (1 - MPC)\n\n**税收乘数**：\nKt = -MPC ÷ (1 - MPC)\n\n**平衡预算乘数**：\nKb = Kg + Kt = 1\n\n**作用条件**：\n- 存在闲置资源\n- 价格水平不变\n- 利率不变\n- 边际消费倾向稳定",
    "formula": "乘数 = 1 ÷ (1 - 边际消费倾向)",
    "chartType": "bar",
    "relatedCourses": ["course-004", "course-006"],
    "relatedPolicies": ["policy-004", "policy-008"],
    "category": "经济理论",
    "difficulty": 3,
    "tags": ["乘数", "财政政策", "凯恩斯"],
    "createdAt": "2024-02-25",
    "updatedAt": "2024-02-25"
  },
  {
    "id": "kp-013",
    "title": "菲利普斯曲线",
    "keyword": ["通胀失业", "权衡关系", "政策选择"],
    "summary": "菲利普斯曲线描述失业率与通胀率的替代关系，是宏观经济政策制定的重要参考。",
    "bodyMDX": "**原始菲利普斯曲线**：\n描述货币工资增长率与失业率的负相关关系\n\n**修正版本**：\n描述通胀率与失业率的替代关系\n\n**政策含义**：\n- 短期内存在通胀与失业的权衡\n- 政策制定者可以选择不同的组合\n- 长期菲利普斯曲线是垂直的\n\n**理论发展**：\n1. 原始版本（1958）\n2. 附加预期的菲利普斯曲线\n3. 长期垂直的菲利普斯曲线\n\n**现实意义**：\n政策制定需要考虑预期因素",
    "formula": "π = πe - β(u - un)",
    "chartType": "scatter",
    "relatedCourses": ["course-002", "course-007"],
    "relatedPolicies": ["policy-003", "policy-009"],
    "category": "经济理论",
    "difficulty": 4,
    "tags": ["菲利普斯曲线", "通胀", "失业"],
    "createdAt": "2024-03-01",
    "updatedAt": "2024-03-01"
  },
  {
    "id": "kp-014",
    "title": "经济增长",
    "keyword": ["经济增长", "GDP增长", "长期增长"],
    "summary": "经济增长指一国产出能力的长期增加，是宏观经济学的核心议题之一。",
    "bodyMDX": "**增长核算**：\n产出增长 = 技术进步 + 资本贡献 + 劳动贡献\n\n**索洛模型**：\n- 强调资本积累的作用\n- 技术进步是长期增长的源泉\n- 存在收敛趋势\n\n**内生增长理论**：\n- 技术进步内生化\n- 人力资本积累\n- 规模报酬递增\n\n**增长因素**：\n1. 要素投入增加\n2. 技术进步\n3. 制度创新\n4. 对外开放\n\n**增长质量**：\n不仅要关注速度，更要关注可持续性、包容性",
    "formula": "ΔY/Y = α(ΔK/K) + β(ΔL/L) + ΔA/A",
    "chartType": "line",
    "relatedCourses": ["course-012"],
    "relatedPolicies": ["policy-001", "policy-011"],
    "category": "经济理论",
    "difficulty": 4,
    "tags": ["增长", "发展", "长期增长"],
    "createdAt": "2024-03-05",
    "updatedAt": "2024-03-05"
  },
  {
    "id": "kp-015",
    "title": "比较优势",
    "keyword": ["比较优势", "国际贸易", "分工理论"],
    "summary": "比较优势理论解释了国际贸易的基础，是理解全球化分工的核心理论。",
    "bodyMDX": "**核心原理**：\n即使一国在所有产品上都处于绝对劣势，仍然可以通过专业化生产和贸易获得收益\n\n**理论要点**：\n1. 机会成本决定比较优势\n2. 相对效率是关键\n3. 双方都能从贸易中获益\n\n**现代发展**：\n- 要素禀赋理论\n- 规模经济理论\n- 产品生命周期理论\n\n**现实意义**：\n- 指导国际分工\n- 解释贸易模式\n- 制定贸易政策\n\n**局限**：\n假设条件较强，现实中有贸易摩擦",
    "formula": "机会成本 = 放弃的其他产品数量",
    "chartType": "bar",
    "relatedCourses": ["course-010"],
    "relatedPolicies": ["policy-010", "policy-015"],
    "category": "国际贸易",
    "difficulty": 3,
    "tags": ["比较优势", "贸易", "分工"],
    "createdAt": "2024-03-10",
    "updatedAt": "2024-03-10"
  },
  {
    "id": "kp-016",
    "title": "市场失灵",
    "keyword": ["市场失灵", "外部性", "公共品"],
    "summary": "市场失灵指市场机制无法实现资源最优配置的情况，需要政府干预来纠正。",
    "bodyMDX": "**主要类型**：\n1. **垄断**：市场势力导致价格扭曲\n2. **外部性**：私人成本与社会成本不一致\n3. **公共品**：搭便车问题导致供给不足\n4. **信息不对称**：逆向选择、道德风险\n\n**纠正措施**：\n- 反垄断政策\n- 税收和补贴\n- 政府直接提供\n- 信息披露要求\n\n**政府失灵**：\n政府干预也可能失效，需要权衡\n\n**现实意义**：\n为政府规制提供理论依据",
    "formula": "社会最优：MSB = MSC",
    "chartType": "scatter",
    "relatedCourses": ["course-013", "course-015"],
    "relatedPolicies": ["policy-012", "policy-013"],
    "category": "微观基础",
    "difficulty": 3,
    "tags": ["市场失灵", "外部性", "政府干预"],
    "createdAt": "2024-03-15",
    "updatedAt": "2024-03-15"
  },
  {
    "id": "kp-017",
    "title": "供给侧改革",
    "keyword": ["供给侧改革", "结构性", "提质增效"],
    "summary": "供给侧改革通过优化生产要素配置提高潜在增长率，是中国经济转型的重要战略。",
    "bodyMDX": "**改革背景**：\n需求侧政策效果递减，需要供给侧改革提升潜在产出\n\n**四大任务**：\n1. 去产能：淘汰落后产能\n2. 去库存：消化存量\n3. 去杠杆：降低负债率\n4. 降成本：减轻企业负担\n5. 补短板：增强发展后劲\n\n**政策工具**：\n- 减税降费\n- 简政放权\n- 创新驱动\n- 质量提升\n\n**理论依据**：\n供给学派理论，强调激励和效率\n\n**实施效果**：\n提高全要素生产率，增强经济韧性",
    "formula": "潜在产出 = f(劳动, 资本, 技术, 制度)",
    "chartType": "bar",
    "relatedCourses": ["course-008", "course-018"],
    "relatedPolicies": ["policy-001", "policy-011"],
    "category": "中国政策",
    "difficulty": 4,
    "tags": ["供给侧改革", "结构性", "改革"],
    "createdAt": "2024-03-20",
    "updatedAt": "2024-03-20"
  },
  {
    "id": "kp-018",
    "title": "数字经济",
    "keyword": ["数字经济", "平台经济", "数据要素"],
    "summary": "数字经济是以数据为关键要素的新经济形态，重塑传统经济运行方式。",
    "bodyMDX": "**基本特征**：\n- 数据驱动\n- 平台支撑\n- 网络协同\n- 智能决策\n\n**核心要素**：\n1. 数据资源\n2. 数字技术\n3. 数字基础设施\n4. 数字人才\n\n**经济效应**：\n- 规模经济\n- 范围经济\n- 网络效应\n- 长尾效应\n\n**治理挑战**：\n- 数据安全\n- 平台垄断\n- 数字鸿沟\n- 就业冲击\n\n**发展趋势**：\n数字化转型成为经济增长新动能",
    "formula": "数字产业化 + 产业数字化",
    "chartType": "pie",
    "relatedCourses": ["course-017"],
    "relatedPolicies": ["policy-014", "policy-016"],
    "category": "前沿理论",
    "difficulty": 3,
    "tags": ["数字经济", "平台", "数据"],
    "createdAt": "2024-03-25",
    "updatedAt": "2024-03-25"
  },
  {
    "id": "kp-019",
    "title": "双循环",
    "keyword": ["双循环", "新发展格局", "内需驱动"],
    "summary": "双循环是以国内大循环为主体、国内国际双循环相互促进的新发展格局。",
    "bodyMDX": "**战略内涵**：\n- 以国内大循环为主体\n- 国内国际双循环相互促进\n- 不是封闭的国内循环\n- 更加开放的国内国际双循环\n\n**理论逻辑**：\n1. 大国经济特征：内需驱动\n2. 发展阶段变化：从高速增长转向高质量发展\n3. 国际环境变化：全球化遭遇逆流\n\n**实现路径**：\n- 扩大内需\n- 科技创新\n- 高水平开放\n- 制度型开放\n\n**政策意义**：\n增强经济发展的自主性和安全性",
    "formula": "双循环 = 国内大循环 + 国际循环",
    "chartType": "scatter",
    "relatedCourses": ["course-020"],
    "relatedPolicies": ["policy-001", "policy-020"],
    "category": "中国政策",
    "difficulty": 4,
    "tags": ["双循环", "新发展格局", "内需"],
    "createdAt": "2024-03-30",
    "updatedAt": "2024-03-30"
  },
  {
    "id": "kp-020",
    "title": "系统性风险",
    "keyword": ["系统性风险", "金融危机", " contagion"],
    "summary": "系统性风险是可能危及整个金融体系稳定的风险，需要宏观审慎管理来防范。",
    "bodyMDX": "**风险特征**：\n- 传染性：跨机构、跨市场传播\n- 系统性：影响整个金融体系\n- 外部性：个体理性导致集体非理性\n\n**主要来源**：\n1. 共同风险敞口\n2. 相互关联性\n3. 信息不对称\n4. 顺周期性\n\n**防范机制**：\n- 宏观审慎监管\n- 系统性重要性机构监管\n- 逆周期资本缓冲\n- 压力测试\n\n**理论发展**：\n从微观审慎到宏观审慎的监管理念转变\n\n**政策工具**：\n巴塞尔协议III、系统性风险资本要求等",
    "formula": "系统性风险 = f(共同敞口, 相互关联, 顺周期性)",
    "chartType": "scatter",
    "relatedCourses": ["course-019"],
    "relatedPolicies": ["policy-017", "policy-018"],
    "category": "金融稳定",
    "difficulty": 5,
    "tags": ["系统性风险", "金融监管", "稳定"],
    "createdAt": "2024-04-01",
    "updatedAt": "2024-04-01"
  }
]