[
  {
    "id": "policy-001",
    "title": "2024年政府工作报告",
    "pubDate": "2024-03-05",
    "issuer": "国务院",
    "region": "全国",
    "impact": "高",
    "abstract": "设定GDP增长5%左右目标，强调高质量发展",
    "fullURL": "http://www.gov.cn/guowuyuan/2024zfgzbg.htm",
    "relatedKPs": ["kp-001", "kp-014", "kp-017"],
    "category": "宏观政策",
    "tags": ["政府工作报告", "GDP目标", "高质量发展"],
    "effectiveDate": "2024-03-05",
    "expiryDate": "2024-12-31"
  },
  {
    "id": "policy-002",
    "title": "央行降准0.5个百分点",
    "pubDate": "2024-02-05",
    "issuer": "中国人民银行",
    "region": "全国",
    "impact": "高",
    "abstract": "下调存款准备金率，释放长期资金约1万亿元",
    "fullURL": "http://www.pbc.gov.cn/goutongjiaoliu/113456/113469/",
    "relatedKPs": ["kp-002", "kp-003", "kp-008"],
    "category": "货币政策",
    "tags": ["降准", "货币政策", "流动性"],
    "effectiveDate": "2024-02-05",
    "expiryDate": "2025-02-05"
  },
  {
    "id": "policy-003",
    "title": "LPR降息20个基点",
    "pubDate": "2024-02-20",
    "issuer": "中国人民银行",
    "region": "全国",
    "impact": "高",
    "abstract": "5年期以上LPR下调至3.85%，支持实体经济",
    "fullURL": "http://www.pbc.gov.cn/goutongjiaoliu/113456/113469/",
    "relatedKPs": ["kp-003", "kp-008", "kp-009"],
    "category": "货币政策",
    "tags": ["LPR", "降息", "实体经济"],
    "effectiveDate": "2024-02-20",
    "expiryDate": "2025-02-20"
  },
  {
    "id": "policy-004",
    "title": "1万亿特别国债发行",
    "pubDate": "2023-10-24",
    "issuer": "全国人大常委会",
    "region": "全国",
    "impact": "高",
    "abstract": "增发国债支持灾后恢复重建，提升防灾能力",
    "fullURL": "http://www.npc.gov.cn/npc/c30834/202310/",
    "relatedKPs": ["kp-004", "kp-012", "kp-017"],
    "category": "财政政策",
    "tags": ["特别国债", "灾后重建", "积极财政"],
    "effectiveDate": "2023-10-24",
    "expiryDate": "2025-12-31"
  },
  {
    "id": "policy-005",
    "title": "设备更新和以旧换新方案",
    "pubDate": "2024-03-13",
    "issuer": "国务院",
    "region": "全国",
    "impact": "中",
    "abstract": "推动大规模设备更新和消费品以旧换新",
    "fullURL": "http://www.gov.cn/zhengce/zhengceku/202403/",
    "relatedKPs": ["kp-001", "kp-014", "kp-017"],
    "category": "产业政策",
    "tags": ["设备更新", "以旧换新", "消费升级"],
    "effectiveDate": "2024-03-13",
    "expiryDate": "2024-12-31"
  },
  {
    "id": "policy-006",
    "title": "房地产白名单融资支持",
    "pubDate": "2024-01-26",
    "issuer": "住建部",
    "region": "全国",
    "impact": "高",
    "abstract": "建立房地产项目白名单，支持合理融资需求",
    "fullURL": "http://www.mohurd.gov.cn/gongkai/fdzdgknr/zfhcxjs/",
    "relatedKPs": ["kp-002", "kp-005", "kp-008"],
    "category": "房地产政策",
    "tags": ["房地产", "白名单", "融资支持"],
    "effectiveDate": "2024-01-26",
    "expiryDate": "2024-12-31"
  },
  {
    "id": "policy-007",
    "title": "科技创新再贷款额度2000亿",
    "pubDate": "2024-01-30",
    "issuer": "中国人民银行",
    "region": "全国",
    "impact": "中",
    "abstract": "增加科技创新再贷款，支持科技型企业发展",
    "fullURL": "http://www.pbc.gov.cn/goutongjiaoliu/113456/113469/",
    "relatedKPs": ["kp-003", "kp-014", "kp-018"],
    "category": "货币政策",
    "tags": ["科技创新", "再贷款", "科技金融"],
    "effectiveDate": "2024-01-30",
    "expiryDate": "2024-12-31"
  },
  {
    "id": "policy-008",
    "title": "新能源汽车购置税减免延续",
    "pubDate": "2023-06-21",
    "issuer": "财政部",
    "region": "全国",
    "impact": "中",
    "abstract": "新能源汽车购置税减免政策延续至2027年",
    "fullURL": "http://www.mof.gov.cn/zhengcefabu/202306/",
    "relatedKPs": ["kp-004", "kp-012", "kp-015"],
    "category": "财税政策",
    "tags": ["新能源汽车", "购置税", "绿色消费"],
    "effectiveDate": "2024-01-01",
    "expiryDate": "2027-12-31"
  },
  {
    "id": "policy-009",
    "title": "稳就业政策组合拳",
    "pubDate": "2024-02-27",
    "issuer": "人社部",
    "region": "全国",
    "impact": "高",
    "abstract": "实施就业优先政策，确保城镇新增就业1200万人以上",
    "fullURL": "http://www.mohrss.gov.cn/SYrlzyhshbzb/zwgk/szfgz/",
    "relatedKPs": ["kp-006", "kp-013"],
    "category": "就业政策",
    "tags": ["就业", "稳岗", "技能培训"],
    "effectiveDate": "2024-02-27",
    "expiryDate": "2024-12-31"
  },
  {
    "id": "policy-010",
    "title": "外贸稳规模优结构意见",
    "pubDate": "2023-12-11",
    "issuer": "国务院办公厅",
    "region": "全国",
    "impact": "中",
    "abstract": "推动外贸稳规模优结构，促进贸易高质量发展",
    "fullURL": "http://www.gov.cn/zhengce/zhengceku/202312/",
    "relatedKPs": ["kp-007", "kp-011", "kp-015"],
    "category": "外贸政策",
    "tags": ["外贸", "结构优化", "高质量发展"],
    "effectiveDate": "2023-12-11",
    "expiryDate": "2024-12-31"
  },
  {
    "id": "policy-011",
    "title": "长三角一体化发展规划",
    "pubDate": "2023-12-01",
    "issuer": "国家发改委",
    "region": "华东",
    "impact": "中",
    "abstract": "推进长三角一体化高质量发展，建设现代化经济体系",
    "fullURL": "https://www.ndrc.gov.cn/xxgk/zcfb/ghwb/",
    "relatedKPs": ["kp-014", "kp-016", "kp-017"],
    "category": "区域政策",
    "tags": ["长三角", "一体化", "区域协调"],
    "effectiveDate": "2023-12-01",
    "expiryDate": "2030-12-31"
  },
  {
    "id": "policy-012",
    "title": "碳达峰行动方案",
    "pubDate": "2021-10-26",
    "issuer": "国务院",
    "region": "全国",
    "impact": "高",
    "abstract": "2030年前碳达峰行动方案，推动绿色低碳发展",
    "fullURL": "http://www.gov.cn/zhengce/zhengceku/202110/",
    "relatedKPs": ["kp-015", "kp-016", "kp-017"],
    "category": "环境政策",
    "tags": ["碳达峰", "碳中和", "绿色发展"],
    "effectiveDate": "2021-10-26",
    "expiryDate": "2030-12-31"
  },
  {
    "id": "policy-013",
    "title": "数字经济发展规划",
    "pubDate": "2022-01-12",
    "issuer": "国务院",
    "region": "全国",
    "impact": "高",
    "abstract": "十四五数字经济发展规划，建设数字中国",
    "fullURL": "http://www.gov.cn/zhengce/zhengceku/202201/",
    "relatedKPs": ["kp-018", "kp-019"],
    "category": "产业政策",
    "tags": ["数字经济", "数字化转型", "数字中国"],
    "effectiveDate": "2022-01-12",
    "expiryDate": "2025-12-31"
  },
  {
    "id": "policy-014",
    "title": "数据要素市场培育意见",
    "pubDate": "2022-12-19",
    "issuer": "中共中央 国务院",
    "region": "全国",
    "impact": "高",
    "abstract": "构建数据基础制度，培育数据要素市场",
    "fullURL": "http://www.gov.cn/zhengce/2022-12/19/",
    "relatedKPs": ["kp-018", "kp-019"],
    "category": "改革政策",
    "tags": ["数据要素", "数据市场", "基础制度"],
    "effectiveDate": "2022-12-19",
    "expiryDate": "2025-12-31"
  },
  {
    "id": "policy-015",
    "title": "自贸试验区深化改革方案",
    "pubDate": "2023-08-22",
    "issuer": "商务部",
    "region": "全国",
    "impact": "中",
    "abstract": "对接国际高标准经贸规则，推进制度型开放",
    "fullURL": "http://www.mofcom.gov.cn/article/ae/ai/",
    "relatedKPs": ["kp-007", "kp-011", "kp-015"],
    "category": "开放政策",
    "tags": ["自贸区", "制度型开放", "高标准规则"],
    "effectiveDate": "2023-08-22",
    "expiryDate": "2025-08-22"
  },
  {
    "id": "policy-016",
    "title": "促进民营经济发展壮大意见",
    "pubDate": "2023-07-19",
    "issuer": "中共中央 国务院",
    "region": "全国",
    "impact": "高",
    "abstract": "31条措施支持民营经济发展壮大",
    "fullURL": "http://www.gov.cn/zhengce/2023-07/19/",
    "relatedKPs": ["kp-016", "kp-017", "kp-018"],
    "category": "产业政策",
    "tags": ["民营经济", "营商环境", "公平竞争"],
    "effectiveDate": "2023-07-19",
    "expiryDate": "2025-07-19"
  },
  {
    "id": "policy-017",
    "title": "金融稳定法草案",
    "pubDate": "2022-04-06",
    "issuer": "央行",
    "region": "全国",
    "impact": "高",
    "abstract": "建立健全金融稳定长效机制",
    "fullURL": "http://www.pbc.gov.cn/goutongjiaoliu/113456/113469/",
    "relatedKPs": ["kp-020"],
    "category": "金融立法",
    "tags": ["金融稳定", "风险防范", "监管协调"],
    "effectiveDate": "2022-04-06",
    "expiryDate": "2025-12-31"
  },
  {
    "id": "policy-018",
    "title": "系统重要性银行监管规定",
    "pubDate": "2023-10-11",
    "issuer": "央行 银保监会",
    "region": "全国",
    "impact": "高",
    "abstract": "加强系统重要性银行监管，防范系统性风险",
    "fullURL": "http://www.pbc.gov.cn/goutongjiaoliu/113456/113469/",
    "relatedKPs": ["kp-020"],
    "category": "金融监管",
    "tags": ["系统重要性银行", "宏观审慎", "资本要求"],
    "effectiveDate": "2023-10-11",
    "expiryDate": "2025-10-11"
  },
  {
    "id": "policy-019",
    "title": "扩大内需战略规划纲要",
    "pubDate": "2022-12-14",
    "issuer": "中共中央 国务院",
    "region": "全国",
    "impact": "高",
    "abstract": "实施扩大内需战略，构建完整内需体系",
    "fullURL": "http://www.gov.cn/zhengce/2022-12/14/",
    "relatedKPs": ["kp-001", "kp-014", "kp-019"],
    "category": "内需政策",
    "tags": ["扩大内需", "消费投资", "内需体系"],
    "effectiveDate": "2022-12-14",
    "expiryDate": "2035-12-31"
  },
  {
    "id": "policy-020",
    "title": "粤港澳大湾区发展规划纲要",
    "pubDate": "2019-02-18",
    "issuer": "中共中央 国务院",
    "region": "华南",
    "impact": "高",
    "abstract": "建设国际一流湾区和世界级城市群",
    "fullURL": "http://www.gov.cn/zhengce/2019-02/18/",
    "relatedKPs": ["kp-011", "kp-014", "kp-016"],
    "category": "区域政策",
    "tags": ["粤港澳大湾区", "湾区经济", "城市群"],
    "effectiveDate": "2019-02-18",
    "expiryDate": "2035-02-18"
  }
]